human_readable_name,technical_name
Test type,baseTestType
Stage/FQTTS Type,type
Lab. cross-check,labCheck
Finished,finished
Finish date,finishDate
Quality in advance,qualityInAdvance
Satisfied by norms,satisfiedByNorms
Satisfied by central norms,satisfiedByCentralNorms
Satisfied by internal norms,satisfiedByInternalNorms
Satisfied by customer norms,satisfiedByCustomerNorms
Date,baseDate
Auto processing ID,autoCreationRefId
Labcut ID,labcut.id
Exclude,excluded
Production area,baseProductionArea.productionArea
Production line,baseProductionLine.productionLineId
Productiondate,baseProductionDate
Produciton order No.,baseProductionOrderPos.productionordernumber
Position No.,baseProductionOrderPos.productionorderposition
Customer,baseCustomer
Shift,shiftId
Start,shiftStartDate
End,shiftEndDate
Shift group,shiftGroup
Shiftleader,shiftLeaderName
Shift leader No.,shiftLeaderNo
AL00 ID,vkstockProxy.id
CS,vkstockProxy.customerShortCode
Cust. Part No.,vkstockProxy.customerPartNo
Description 1,vkstockProxy.customerPartNoDescription1
Prd.Co.,vkstockProxy.articleNoPolished
Product,vkstockProxy.articleNo
Decor top,vkstockProxy.decorTop
Decor bottom,vkstockProxy.decorBottom
Texture top,vkstockProxy.textureTop
Texture bottom,vkstockProxy.textureBottom
Structure,vkstockProxy.structure
Thickness,vkstockProxy.thickness
Length,vkstockProxy.length
Width,vkstockProxy.width
Density (kg/m³),vkstockProxy.netWeight
TU Number,tu
Operator comments,remarks
Last Clerk,auditRecord.editUser
Created by,auditRecord.newUser
Creation Date,auditRecord.newDate
Last Edit Date,auditRecord.editDate
Status,dbState
Data state,dataState
Batch,operBatch
IMAL production date,labImalProdDate
Category,operCategory
IMAL test date,labImalTestDate
Thickness Class,operThicknessClass
Imal Lotnumber,labBatch
ZZ Press type,operPressType
IMAL Order,labOrder
Press factor (s/m),operPressFactor
User,labUser
Press speed [mm/s],operPressSpeed
Comment IMAL,labNote
Raw thickness [mm],rawThickness
Board weight (kg),operWeightOfBoard
Press temp. 1 °C,operPressTemp1
Press temp. 2 °C,operPressTemp2
Press temp. 3 °C,operPressTemp3
Press temp. 4 °C,operPressTemp4
Press temp. 5 °C,operPressTemp5
Press temp. 6 °C,operPressTemp6
Fiber ° C precooking temperature,operFibrePreHeatTemp
Mats temprature,operMatTemp
Refiner pressure,refinerPressure
Cooking pressure,cookingPressure
Cooking time (sec),operCookingTime
Specific power of refiner kW/t,specificPowerOfRefiner
Fibers t / h,operFibres
Fibers energy (kwh/to),operFibreEnergy
Temp. dryier entrance °C Mat former  Temp,operRefTempInDrying
glue type,operGlue1Type
Glue Blow - solid content (%),operRefBlowGlueConcentrat
Urea %,operUreaDosing
Amonium Nitrat,operAmmoniumNitrate
Emulsion supplier,operEmulsionSupplier
Emulsion type,operEmulsionType
Blow - urea concentration (%),operUreaConcentration
Amonium Sulfat,operAmmoniumSulfate
Blow - glue  dosage (%),operGlue1
Emulsion %,operEmulsion
M.O.R.   AVG (N/mm2) bending,labBendingAvg
Blow - hardener concentration (%),operBlowHardenerConcentration
Blow - hardener type,operBlowHardenerType
Blow - hardener (%),operBlowHardener
Spraying,spraying
Bulk density (kg/m³),bulkDensity
Weight of mat[kg/m2],operPressWeightOfMat
Fibres density (kg/m3) bulk density,operPressFibreDensity
Fiber ° C temperature,operFibreTemp
Fibres moisture[%] Forming line,operPressFibresMoisture
Temp. dryier exit °C  Forming Line Temp,operRefTempOutDrying
Operstream heat (%),operSteamPreHeat
Comments,operRemarks
Release agent concentration [%],releaseAgentConcentration
Release agent type,releaseAgentType
Network steam pressure,networkSteamPressure
Spray pressure [bar],sprayPressure
M.O.R. dev.,labBendingDeviation
Temp. Heating drum (°C),tempHeatingDrum
M.O.R.  Max (N/mm2),labBendingMax
Refiner remarks,refinerRemarks
M.O.R.  MIN (N/mm²),labBendingMin
Mat spacing [mm],matSpacing
M.O.R.   VAR (N/mm2) bending,labBendingVar
Microwave power (%),microwavePowerPercent
Laboratory comments,labComment
fibers humidity (%),fibersHumidityAfterDryer
Microwave power (kW),microwavePowerKw
Temp. Cylinder 2 (°C),tempCylinder2
Temp. Cylinder 7 (°C),tempCylinder7
Boardmoisture,operBoardMoisture
Board molar ratio,boardMolarRatio
Density IB avg. (kg/m3),labDensityAverage
Density IB deviation,labDensityDeviation
Density IB  max.,labDensityMax
Density IB Min,labDensityMin
Density IB VAR,labDensityVar
Density D AVG (kg/m3) distrubution,labDistributionDensityAvg
Density D DEV  (kg/m3) distrubution,labDistributionDensityDeviation
Density D Max (kg/m3) distrubution,labDistributionDensityMax
Conifer timber [%],operRefConiferTimber
Leaf timber [%],operRefLeafTimber
Density D Min (kg/m3) distrubution,labDistributionDensityMin
Density D VAR (kg/m3) distrubution,labDistributionDensityVar
Thickness D AVG (mm) distrubution,labDistributionThicknessAvg
Thickness D DEV   Density distrubution,labDistributionThicknessDeviation
Thickness D Differenz.  (mm) Density distrubution,labDistributionThicknessDiff
Thickness D Max (mm) Density distrubution,labDistributionThicknessMax
Thickness D Min (mm) Density distrubution,labDistributionThicknessMin
Thickness D VAR (mm) Density distrubution,labDistributionThicknessVar
Area weight D AVG (kg/m2) distrubution,labDistributionWeightAvg
Area weight D DEV  (kg/m2) Density distrubution,labDistributionWeightDeviation
Area weight D Max (kg/m2) Density distrubution,labDistributionWeightMax
Area weight D Min (kg/m2) Density distrubution,labDistributionWeightMin
Area weight D VAR (kg/m2) Density distrubution,labDistributionWeightVar
M.O.E.  AVG (N/mm2),labEModulAvg
M.O.E.   DEV   Bending E-Module,labEModulDeviation
M.O.E.   max  (N/mm2),labEModulMax
M.O.E.   min (N/mm2),labEModulMin
M.O.E.  VAR (N/mm2),labEModulVar
"HCHO ( mg/100g) 6,5%",labFormaldehyde
Perforator gas analysis test date,labGasAnalysisTestDate
Perforator gas analysis tester,labGasAnalysisTester
Lab. Moisture  AVG  [%],labHumidityAvg
Perforator moisture (%),labPerforatorMoisture
Perforator Testdate Formaldehyde,labPerforatorTestDate
Perforator  Tester Formaldehyde,labPerforatorTester
SS AVG (N/mm2) Surface soundness,labSurfaceSoundnessAvg
SS DEV. Surface Bond,labSurfaceSoundnessDeviati
SS max ( N/mm2) Surface Bond,labSurfaceSoundnessMax
SS Min  (N/mm2) Surface Bond,labSurfaceSoundnessMin
SS VAR (N/mm2) Surface soundness,labSurfaceSoundnessVar
Sw-2h  AVG  (%) swelling 2h,labSwelling2hAvg
Sw-2h DEV,labSwelling2hDeviation
Sw-2h  max  (%) swelling 2h,labSwelling2hMax
Sw-2h min (%)  swelling 2h,labSwelling2hMin
Sw-2h  VAR (%) swelling 2h,labSwelling2hVar
Sw-24h AVG (%) swelling 24h,labSwellingAvg
Sw-24h DEV(%) swelling 24h,labSwellingDeviation
Sw-24h max (%) swelling 24h,labSwellingMax
Sw-24h min (%) swelling 24h,labSwellingMin
Sw-24h VAR (%) swelling 24h,labSwellingVar
IB AVG ( N/mm2),labTensileAvg
IB-Dev,labTensileDeviation
IB Max  (N/mm2),labTensileMax
IB Min (N/mm2),labTensileMin
TS VAR (N/mm2),labTensileVar
Thickness IB AVG (mm),labThicknessAvg
Thickness IB DEV.,labThicknessDeviation
Thickness IB diff(max-min) (mm),labThicknessDiff
Thickness IB  max. (mm),labThicknessMax
Thickness IB min. (mm),labThicknessMin
Thickness IB VAR (mm),labThicknessVar
Screw Withdraw edge AVG,labScrewWithdrawEdgeAvg
Screw Withdraw edge deviation,labScrewWithdrawEdgeDeviation
Screw Withdraw edge max,labScrewWithdrawEdgeMax
Screw Withdraw edge min,labScrewWithdrawEdgeMin
Screw Withdraw face AVG,labScrewWithdrawFaceAvg
Screw Withdraw face deviation,labScrewWithdrawFaceDeviation
Screw Withdraw face max,labScrewWithdrawFaceMax
Screw Withdraw face min,labScrewWithdrawFaceMin
Absorption 24h avg,abs24hAvg
Absorption 24h Deviation,abs24hDevi
Absorption 24h max,abs24hMax
Absorption 24h min,abs24hMin
Absorption 24 VAR,abs24hVar
Boiltest  AVG IB tensile (N/mm2),labBoilAvg
Boiltest  DEV  IB tensile (N/mm2),labBoilDeviation
Boiltest  Max IB tensile (N/mm2),labBoilMax
Boiltest  Min IB tensile (N/mm2),labBoilMin
Boiltest  VAR IBtensile (N/mm2),labBoilVar
Gasanalysis after press [mg HCHO/m²h],gasAnalysisAfterPress
Volatile Organic Compounds 48D,volatileOrganicCompunds28D
Formaldehyde Emission EN717-1 (ppm),formaldehydeEmission1
Sand %,labSandContent
Formaldehyde Emission EN16516 (ppm),formaldehydeEmission2
Formaldehyde Emission ASTM 6007/1333 (ppm),formaldehydeEmission3
Volatile Organic Compounds 48H,volatileOrganicCompunds48H
Gasanalysis after sanding (1d) [mg HCHO/m²h],gasAnalysisAfterSanding
Gasanalysis warehouse [mg HCHO/m²h],gasAnalysisWarehouse
glue supplier,operGlue1Supplier
Blow 2 - glue (%),glueBlowDosing2
Blow 2 - glue type,glueBlowType2
Blow 2 - glue supplier,glueBlowSupplier2
Blow 2 - glue concentration (%),glueBlowConcentrat2
Surface absorption up min. [mm],surfAbsorbFaceUpMin
Formaldehyde emission – Desicator test Avg. (mg/L),formaldehydeEmissionDesicatorAvg
Surface absorption up max. [mm],surfAbsorbFaceUpMax
Surface absorption down min. [mm],surfAbsorbFaceDownMin
Moisture MAX [%],labHumidityMax
Formaldehyde emission – Desicator test Max. (mg/L),formaldehydeEmissionDesicatorMax
Surface absorption up avg [mm],surfAbsorbFaceUpAvg
Recipient remarks,recipientRemarks
Moisture DEV [%],labHumidityDev
Surface absorption down deviation,surfAbsorbFaceDownDeviation
Surface absorption up deviation,surfAbsorbFaceUpDeviation
Surface absorption down avg [mm],surfAbsorbFaceDownAvg
Moisture MIN [%],labHumidityMin
Surface absorption down max. [mm],surfAbsorbFaceDownMax
Actual distance infeed shaft [mm],actDistanceInfeedShaft
Amplification Value M,amplificationValCenter
Amplification Value IL,amplificationValInnerLeft
Amplification Value IR,amplificationValInnerRight
Amplification Value L,amplificationValLeft
Amplification Value R,amplificationValRight
Belt Speed 1 [mm/s],beltSpeed1
Belt Speed 2 [mm/s],beltSpeed2
Mixed glue - Gelling time (s),blowMixGellingTIme
Mixed glue - Molar ratio,blowMixMolarRatio
Mixed glue - PH,blowMixPH
Mixed glue  - PNR,blowMixPnr
Mixed glue  - Prod. date,blowMixProdDate
Mixed glue - Viscosity [mPas],blowMixViscosity
BTM Bending/M.O.R Major Avg [N/mm²],btmBendingAvg
BTM Bending/M.O.R Minor Avg [N/mm²],btmBendingBAvg
BTM Bending/M.O.R Minor Dev [N/mm²],btmBendingBDev
BTM Bending/M.O.R Minor Max [N/mm²],btmBendingBMax
BTM Bending/M.O.R Minor Min [N/mm²],btmBendingBMin
BTM Bending/M.O.R Major Dev [N/mm²],btmBendingDev
BTM Bending/M.O.R Major Max [N/mm²],btmBendingMax
BTM Bending/M.O.R Major Min [N/mm²],btmBendingMin
BTM Emodule/M.O.E Major Avg [N/mm²],btmEmoduleAvg
BTM Emodule/M.O.E Minor Avg [N/mm²],btmEmoduleBAvg
BTM Emodule/M.O.E Minor Dev [N/mm²],btmEmoduleBDev
BTM Emodule/M.O.E Minor Max [N/mm²],btmEmoduleBMax
BTM Emodule/M.O.E Minor Min [N/mm²],btmEmoduleBMin
BTM Emodule/M.O.E Major Dev [N/mm²],btmEmoduleDev
BTM Emodule/M.O.E Major Max [N/mm²],btmEmoduleMax
BTM Emodule/M.O.E Major Min [N/mm²],btmEmoduleMin
Catcher rate [kg/m3],catcherRate
Concentration mix,concentrationMix
Cooker Height [m],cookerHeight
Correction Value C,correctionValueCenter
Correction Value IL,correctionValueInnerLeft
Correction Value IR,correctionValueInnerRight
Correction Value L,correctionValueLeft
Correction Value R,correctionValueRight
Coupling Factor System 1,couplingFactor1
Coupling Factor System 10,couplingFactor10
Coupling factor 10 - left,couplingFactor10L
Coupling factor 10 - right,couplingFactor10R
Coupling factor 11 - left,couplingFactor11L
Coupling factor 11 - right,couplingFactor11R
Coupling factor 12 - left,couplingFactor12L
Coupling factor 12 - right,couplingFactor12R
Coupling factor 13 - left,couplingFactor13L
Coupling factor 13 - right,couplingFactor13R
Coupling factor 14 - left,couplingFactor14L
Coupling factor 14 - right,couplingFactor14R
Coupling factor 15 - left,couplingFactor15L
Coupling factor 15 - right,couplingFactor15R
Coupling factor 16 - left,couplingFactor16L
Coupling factor 16 - right,couplingFactor16R
Coupling factor 17 - left,couplingFactor17L
Coupling factor 17 - right,couplingFactor17R
Coupling factor 18 - left,couplingFactor18L
Coupling factor 18 - right,couplingFactor18R
Coupling factor 19 - left,couplingFactor19L
Coupling factor 19 - right,couplingFactor19R
Coupling factor 1 - left,couplingFactor1L
Coupling factor 1 - right,couplingFactor1R
Coupling Factor System 2,couplingFactor2
Coupling factor 20 - left,couplingFactor20L
Coupling factor 20 - right,couplingFactor20R
Coupling factor 21 - left,couplingFactor21L
Coupling factor 21 - right,couplingFactor21R
Coupling factor 2 - left,couplingFactor2L
Coupling factor 2 - right,couplingFactor2R
Coupling Factor System 3,couplingFactor3
Coupling factor 3 - left,couplingFactor3L
Coupling factor 3 - right,couplingFactor3R
Coupling Factor System 4,couplingFactor4
Coupling factor 4 - left,couplingFactor4L
Coupling factor 4 - right,couplingFactor4R
Coupling Factor System 5,couplingFactor5
Coupling factor 5 - left,couplingFactor5L
Coupling factor 5 - right,couplingFactor5R
Coupling Factor System 6,couplingFactor6
Coupling factor 6 - left,couplingFactor6L
Coupling factor 6 - right,couplingFactor6R
Coupling Factor System 7,couplingFactor7
Coupling factor 7 - left,couplingFactor7L
Coupling factor 7 - right,couplingFactor7R
Coupling Factor System 8,couplingFactor8
Coupling factor 8 - left,couplingFactor8L
Coupling factor 8 - right,couplingFactor8R
Coupling Factor System 9,couplingFactor9
Coupling factor 9 - left,couplingFactor9L
Coupling factor 9 - right,couplingFactor9R
Dieffensor surface weight,deffensorSurfWeight
Delay Flap L [sec],delayFlapLeft
Delay Flap R [sec],delayFlapRight
Discharge speeed [rpm],dischargeSpeed
Distance System 1 [mm],distance1
Distance System 10 [mm],distance10
Distance System 11 [mm],distance11
Distance System 12 [mm],distance12
Distance System 13 [mm],distance13
Distance System 14 [mm],distance14
Distance System 15 [mm],distance15
Distance System 16 [mm],distance16
Distance System 17 [mm],distance17
Distance System 18 [mm],distance18
Distance System 19 [mm],distance19
Distance System 2 [mm],distance2
Distance System 20 [mm],distance20
Distance System 21 [mm],distance21
Distance System 3 [mm],distance3
Distance System 4 [mm],distance4
Distance System 5 [mm],distance5
Distance System 6 [mm],distance6
Distance System 7 [mm],distance7
Distance System 8 [mm],distance8
Distance System 9 [mm],distance9
Distance Correction Group 1,distanceCorrection1
Distance Correction Group 2,distanceCorrection2
Distance Correction Group 3,distanceCorrection3
Distance Correction Group 4,distanceCorrection4
Distance Correction Group 5,distanceCorrection5
Drier temp out. [°C],drier1TempOut
Grinding energy [kW],grindingEnergy
Heat-Transfer-Rate,heatTransferRate
IMAL Thickness Centre H4,imalThicknessCenter
IMAL Thickness CL H5,imalThicknessCenterLeft
IMAL Thickness CR H3,imalThicknessCenterRight
IMAL Thickness IL H6,imalThicknessInnerLeft
IMAL Thickness IR H2,imalThicknessInnerRight
IMAL Thickness Left H7,imalThicknessLeft
IMAL Thickness Right H1,imalThicknessRight
Loss factor,lossFactor
Kronomech Set Density,mechDensitySetPoint
Board density [kg/m3],operBoardDensity
Fiber density [kg/m3],operFibresDensity
Weight of mat 2 [kg/m2],operPressWeightOfMat2
<FQTTS_PMDICONCENTRATION>,pmdiConcentration
PMDI dosing [%],pmdiDosing
PMDI - PNR,pmdiPNR
PMDI - Prod. Date,pmdiProdDate
PMDI - Temp (°C),pmdiTemp
Press hot plate temp 1 [°C],pressHotPlateTemp1
Press hot plate temp 2 [°C],pressHotPlateTemp2
Press hot plate temp 3 [°C],pressHotPlateTemp3
Press hot plate temp 4 [°C],pressHotPlateTemp4
Press hot plate temp 5 [°C],pressHotPlateTemp5
Press outfeed - actual lead left [mm],pressLeadLeftAct
Press outfeed - setup  lead left [mm],pressLeadLeftSet
Press outfeed - actual of lead right [mm],pressLeadRightAct
Press pressure 10 - center [N/mm2],pressPressure10C
Press pressure 10 - left  [N/mm2],pressPressure10L
Press pressure 10 - right [N/mm2],pressPressure10R
Press pressure 11 - center [N/mm2],pressPressure11C
Press pressure 11 - left  [N/mm2],pressPressure11L
Press pressure 11 - right [N/mm2],pressPressure11R
Press pressure 12 - center [N/mm2],pressPressure12C
Press pressure 12 - left  [N/mm2],pressPressure12L
Press pressure 12 - right [N/mm2],pressPressure12R
Press pressure 13 - center [N/mm2],pressPressure13C
Press pressure 13 - left  [N/mm2],pressPressure14L
Press pressure 13 - right [N/mm2],pressPressure13R
Press pressure 14 - center [N/mm2],pressPressure14C
Press pressure 14 - left  [N/mm2],pressPressure14L__1
Press pressure 14 - right [N/mm2],pressPressure14R
Press pressure 15 - center [N/mm2],pressPressure15C
Press pressure 15 - left  [N/mm2],pressPressure15L
Press pressure 15 - right [N/mm2],pressPressure15R
Press pressure 16 - center [N/mm2],pressPressure16C
Press pressure 16 - left  [N/mm2],pressPressure16L
Press pressure 16 - right [N/mm2],pressPressure16R
Press pressure 17 - center [N/mm2],pressPressure17C
Press pressure 17 - left  [N/mm2],pressPressure17L
Press pressure 17 - right [N/mm2],pressPressure17R
Press pressure 18 - center [N/mm2],pressPressure18C
Press pressure 18 - left  [N/mm2],pressPressure18L
Press pressure 18 - right [N/mm2],pressPressure18R
Press pressure 19 - center [N/mm2],pressPressure19C
Press pressure 19 - left  [N/mm2],pressPressure19L
Press pressure 19 - right [N/mm2],pressPressure19R
Press pressure 1 - center [N/mm2],pressPressure1C
Press pressure 1 - left  [N/mm2],pressPressure1L
Press pressure 1 - right [N/mm2],pressPressure1R
Press pressure 20 - center [N/mm2],pressPressure20C
Press pressure 20 - left  [N/mm2],pressPressure20L
Press pressure 20 - right [N/mm2],pressPressure20R
Press pressure 21 - center [N/mm2],pressPressure21C
Press pressure 21 - left  [N/mm2],pressPressure21L
Press pressure 21 - right [N/mm2],pressPressure21R
Press pressure 2 - center [N/mm2],pressPressure2C
Press pressure 2 - left  [N/mm2],pressPressure2L
Press pressure 2 - right [N/mm2],pressPressure2R
Press pressure 3 - center [N/mm2],pressPressure3C
Press pressure 3 - left  [N/mm2],pressPressure3L
Press pressure 3 - right [N/mm2],pressPressure3R
Press pressure 4 - center [N/mm2],pressPressure4C
Press pressure 4 - left  [N/mm2],pressPressure4L
Press pressure 4 - right [N/mm2],pressPressure4R
Press pressure 5 - center [N/mm2],pressPressure5C
Press pressure 5 - left  [N/mm2],pressPressure5L
Press pressure 5 - right [N/mm2],pressPressure5R
Press pressure 6 - center [N/mm2],pressPressure6C
Press pressure 6 - left  [N/mm2],pressPressure6L
Press pressure 6 - right [N/mm2],pressPressure6R
Press pressure 7 - center [N/mm2],pressPressure7C
Press pressure 7 - left  [N/mm2],pressPressure7L
Press pressure 7 - right [N/mm2],pressPressure7R
Press pressure 8 - center [N/mm2],pressPressure8C
Press pressure 8 - left  [N/mm2],pressPressure8L
Press pressure 8 - right [N/mm2],pressPressure8R
Press pressure 9 - center [N/mm2],pressPressure9C
Press pressure 9 - left  [N/mm2],pressPressure9L
Press pressure 9 - right [N/mm2],pressPressure9R
Pressure System 1 [N/mm²],pressure1
Pressure System 10 [N/mm²],pressure10
Pressure System 2 [N/mm²],pressure2
Pressure System 3 [N/mm²],pressure3
Pressure System 4 [N/mm²],pressure4
Pressure System 5 [N/mm²],pressure5
Pressure System 6 [N/mm²],pressure6
Pressure System 7 [N/mm²],pressure7
Pressure System 8 [N/mm²],pressure8
Pressure System 9 [N/mm²],pressure9
Pressure Correction Group 1,pressureCorrection1
Pressure Correction Group 2,pressureCorrection2
Pressure Correction Group 3,pressureCorrection3
Pressure Correction Group 4,pressureCorrection4
Pressure Correction Group 5,pressureCorrection5
Refiner Load [kW],refinerLoad
Resin Throughput [L/min],resinThroughput
Scale surface weight,scaleSurfaceWeight
Scalper 1 Height [mm],scalper1Height
Scalper 2 Height [mm],scalper2Height
Spray down [ml/m2],sprayDown
Spray up [ml/m2],sprayUp
Thermo oil Temperature,thermoOilTemperature
Thickness 5 closed [mm],thicknessClosed5
Thickness 6 closed [mm],thicknessClosed6
Thickness 7 closed [mm],thicknessClosed7
PTM Comment exp,tsrCommentExp
PTM Comment imp,tsrCommentImp
PTM Density avg (kg/m3),tsrDensityAvg
PTM Density dev (kg/m3),tsrDensityDeviation
PTM Density max (kg/m3),tsrDensityMax
PTM Density min (kg/m3),tsrDensityMin
PTM Lateral tension avg,tsrLateralTensionAvg
PTM Lateral tension dev,tsrLateralTensionDeviation
PTM Lateral tension max,tsrLateralTensionMax
PTM Lateral tension min,tsrLateralTensionMin
PTM Moisture avg (%),tsrMoistureAvg
PTM Moisture dev (%),tsrMoistureDeviation
PTM Moisture max (%),tsrMoistureMax
PTM Moisture min (%),tsrMoistureMin
PTM Moisture Temp avg (°C),tsrMoistureTempAvg
PTM Moisture Temp Deviation (°C),tsrMoistureTempDeviation
PTM Moisture Temp max (°C),tsrMoistureTempMax
PTM Moisture Temp min (°C),tsrMoistureTempMin
PTM IB avg (N/mm2),tsrTensileAvg
PTM IB dev (N/mm2),tsrTensileDeviation
PTM IB max (N/mm2),tsrTensileMax
PTM IB min (N/mm2),tsrTensileMin
PTM Test date,tsrTestDate
PTM Tester,tsrTester
PTM Thickness avg (mm),tsrThicknessAvg
PTM Thickness dev (mm),tsrThicknessDeviation
PTM Thickness max (mm),tsrThicknessMax
PTM Thickness min (mm),tsrThicknessMin
#Labcut.ACT_DIST_IN_SHAFT,#Labcut.ACT_DIST_IN_SHAFT
#Labcut.ACT_DIST_LE_SYS_17,#Labcut.ACT_DIST_LE_SYS_17
#Labcut.ACT_DIST_RI_SYS_17,#Labcut.ACT_DIST_RI_SYS_17
#Labcut.ARBPL,#Labcut.ARBPL
#Labcut.BOARD_DENSITY,#Labcut.BOARD_DENSITY
#Labcut.BOARD_WEIGHT,#Labcut.BOARD_WEIGHT
#Labcut.CATCHER_RATE,#Labcut.CATCHER_RATE
#Labcut.CHIP_DENSITY,#Labcut.CHIP_DENSITY
#Labcut.COOKER_PRESSURE,#Labcut.COOKER_PRESSURE
#Labcut.COOKER_TEMP,#Labcut.COOKER_TEMP
#Labcut.COOKER_TIME,#Labcut.COOKER_TIME
#Labcut.COUPLFAC_DIST_SYS_1,#Labcut.COUPLFAC_DIST_SYS_1
#Labcut.COUPLFAC_DIST_SYS_10,#Labcut.COUPLFAC_DIST_SYS_10
#Labcut.COUPLFAC_DIST_SYS_11,#Labcut.COUPLFAC_DIST_SYS_11
#Labcut.COUPLFAC_DIST_SYS_12,#Labcut.COUPLFAC_DIST_SYS_12
#Labcut.COUPLFAC_DIST_SYS_13,#Labcut.COUPLFAC_DIST_SYS_13
#Labcut.COUPLFAC_DIST_SYS_14,#Labcut.COUPLFAC_DIST_SYS_14
#Labcut.COUPLFAC_DIST_SYS_15,#Labcut.COUPLFAC_DIST_SYS_15
#Labcut.COUPLFAC_DIST_SYS_16,#Labcut.COUPLFAC_DIST_SYS_16
#Labcut.COUPLFAC_DIST_SYS_17,#Labcut.COUPLFAC_DIST_SYS_17
#Labcut.COUPLFAC_DIST_SYS_18,#Labcut.COUPLFAC_DIST_SYS_18
#Labcut.COUPLFAC_DIST_SYS_19,#Labcut.COUPLFAC_DIST_SYS_19
#Labcut.COUPLFAC_DIST_SYS_2,#Labcut.COUPLFAC_DIST_SYS_2
#Labcut.COUPLFAC_DIST_SYS_20,#Labcut.COUPLFAC_DIST_SYS_20
#Labcut.COUPLFAC_DIST_SYS_21,#Labcut.COUPLFAC_DIST_SYS_21
#Labcut.COUPLFAC_DIST_SYS_3,#Labcut.COUPLFAC_DIST_SYS_3
#Labcut.COUPLFAC_DIST_SYS_4,#Labcut.COUPLFAC_DIST_SYS_4
#Labcut.COUPLFAC_DIST_SYS_5,#Labcut.COUPLFAC_DIST_SYS_5
#Labcut.COUPLFAC_DIST_SYS_6,#Labcut.COUPLFAC_DIST_SYS_6
#Labcut.COUPLFAC_DIST_SYS_7,#Labcut.COUPLFAC_DIST_SYS_7
#Labcut.COUPLFAC_DIST_SYS_8,#Labcut.COUPLFAC_DIST_SYS_8
#Labcut.COUPLFAC_DIST_SYS_9,#Labcut.COUPLFAC_DIST_SYS_9
#Labcut.COUPLFAC_LE_SYS_1,#Labcut.COUPLFAC_LE_SYS_1
#Labcut.COUPLFAC_LE_SYS_10,#Labcut.COUPLFAC_LE_SYS_10
#Labcut.COUPLFAC_LE_SYS_11,#Labcut.COUPLFAC_LE_SYS_11
#Labcut.COUPLFAC_LE_SYS_12,#Labcut.COUPLFAC_LE_SYS_12
#Labcut.COUPLFAC_LE_SYS_13,#Labcut.COUPLFAC_LE_SYS_13
#Labcut.COUPLFAC_LE_SYS_14,#Labcut.COUPLFAC_LE_SYS_14
#Labcut.COUPLFAC_LE_SYS_15,#Labcut.COUPLFAC_LE_SYS_15
#Labcut.COUPLFAC_LE_SYS_16,#Labcut.COUPLFAC_LE_SYS_16
#Labcut.COUPLFAC_LE_SYS_17,#Labcut.COUPLFAC_LE_SYS_17
#Labcut.COUPLFAC_LE_SYS_18,#Labcut.COUPLFAC_LE_SYS_18
#Labcut.COUPLFAC_LE_SYS_19,#Labcut.COUPLFAC_LE_SYS_19
#Labcut.COUPLFAC_LE_SYS_2,#Labcut.COUPLFAC_LE_SYS_2
#Labcut.COUPLFAC_LE_SYS_20,#Labcut.COUPLFAC_LE_SYS_20
#Labcut.COUPLFAC_LE_SYS_21,#Labcut.COUPLFAC_LE_SYS_21
#Labcut.COUPLFAC_LE_SYS_3,#Labcut.COUPLFAC_LE_SYS_3
#Labcut.COUPLFAC_LE_SYS_4,#Labcut.COUPLFAC_LE_SYS_4
#Labcut.COUPLFAC_LE_SYS_5,#Labcut.COUPLFAC_LE_SYS_5
#Labcut.COUPLFAC_LE_SYS_6,#Labcut.COUPLFAC_LE_SYS_6
#Labcut.COUPLFAC_LE_SYS_7,#Labcut.COUPLFAC_LE_SYS_7
#Labcut.COUPLFAC_LE_SYS_8,#Labcut.COUPLFAC_LE_SYS_8
#Labcut.COUPLFAC_LE_SYS_9,#Labcut.COUPLFAC_LE_SYS_9
#Labcut.COUPLFAC_RI_SYS_1,#Labcut.COUPLFAC_RI_SYS_1
#Labcut.COUPLFAC_RI_SYS_10,#Labcut.COUPLFAC_RI_SYS_10
#Labcut.COUPLFAC_RI_SYS_11,#Labcut.COUPLFAC_RI_SYS_11
#Labcut.COUPLFAC_RI_SYS_12,#Labcut.COUPLFAC_RI_SYS_12
#Labcut.COUPLFAC_RI_SYS_13,#Labcut.COUPLFAC_RI_SYS_13
#Labcut.COUPLFAC_RI_SYS_14,#Labcut.COUPLFAC_RI_SYS_14
#Labcut.COUPLFAC_RI_SYS_15,#Labcut.COUPLFAC_RI_SYS_15
#Labcut.COUPLFAC_RI_SYS_16,#Labcut.COUPLFAC_RI_SYS_16
#Labcut.COUPLFAC_RI_SYS_17,#Labcut.COUPLFAC_RI_SYS_17
#Labcut.COUPLFAC_RI_SYS_18,#Labcut.COUPLFAC_RI_SYS_18
#Labcut.COUPLFAC_RI_SYS_19,#Labcut.COUPLFAC_RI_SYS_19
#Labcut.COUPLFAC_RI_SYS_2,#Labcut.COUPLFAC_RI_SYS_2
#Labcut.COUPLFAC_RI_SYS_20,#Labcut.COUPLFAC_RI_SYS_20
#Labcut.COUPLFAC_RI_SYS_21,#Labcut.COUPLFAC_RI_SYS_21
#Labcut.COUPLFAC_RI_SYS_3,#Labcut.COUPLFAC_RI_SYS_3
#Labcut.COUPLFAC_RI_SYS_4,#Labcut.COUPLFAC_RI_SYS_4
#Labcut.COUPLFAC_RI_SYS_5,#Labcut.COUPLFAC_RI_SYS_5
#Labcut.COUPLFAC_RI_SYS_6,#Labcut.COUPLFAC_RI_SYS_6
#Labcut.COUPLFAC_RI_SYS_7,#Labcut.COUPLFAC_RI_SYS_7
#Labcut.COUPLFAC_RI_SYS_8,#Labcut.COUPLFAC_RI_SYS_8
#Labcut.COUPLFAC_RI_SYS_9,#Labcut.COUPLFAC_RI_SYS_9
#Labcut.DATATIMESTAMP,#Labcut.DATATIMESTAMP
#Labcut.DISCHARGE_SPEED,#Labcut.DISCHARGE_SPEED
#Labcut.DRIER1_TEMP_OUT,#Labcut.DRIER1_TEMP_OUT
#Labcut.DRIER_OUTLET_MOISTURE,#Labcut.DRIER_OUTLET_MOISTURE
#Labcut.EMULSION,#Labcut.EMULSION
#Labcut.FIBERFLOW_DISCHARGE,#Labcut.FIBERFLOW_DISCHARGE
#Labcut.FIBER_DENSITY,#Labcut.FIBER_DENSITY
#Labcut.FIBER_TEMP_FORMING,#Labcut.FIBER_TEMP_FORMING
#Labcut.FORMBELT_SPEED_NOM,#Labcut.FORMBELT_SPEED_NOM
#Labcut.GLUE_RATE,#Labcut.GLUE_RATE
#Labcut.GRINDING_ENERGY,#Labcut.GRINDING_ENERGY
#Labcut.HARDENER,#Labcut.HARDENER
#Labcut.HARDWOOD,#Labcut.HARDWOOD
#Labcut.HEAT_1_SET_TEMP,#Labcut.HEAT_1_SET_TEMP
#Labcut.HEAT_2_SET_TEMP,#Labcut.HEAT_2_SET_TEMP
#Labcut.HEAT_3_SET_TEMP,#Labcut.HEAT_3_SET_TEMP
#Labcut.HEAT_4_INLET_TEMP,#Labcut.HEAT_4_INLET_TEMP
#Labcut.HEAT_4_SET_TEMP,#Labcut.HEAT_4_SET_TEMP
#Labcut.HEAT_5_SET_TEMP,#Labcut.HEAT_5_SET_TEMP
#Labcut.MECH_GLUE,#Labcut.MECH_GLUE
#Labcut.PLATE_TEMP,#Labcut.PLATE_TEMP
#Labcut.REF1_MAIN_STEAM_PRESS,#Labcut.REF1_MAIN_STEAM_PRESS
#Labcut.REF1_SOFTWOOD_RATE,#Labcut.REF1_SOFTWOOD_RATE
#Labcut.SET_DIST_LE_SYS_17,#Labcut.SET_DIST_LE_SYS_17
#Labcut.SHIFT_GROUP,#Labcut.SHIFT_GROUP
#Labcut.SHIFT_ID,#Labcut.SHIFT_ID
#Labcut.SHIFT_LEADER,#Labcut.SHIFT_LEADER
#Labcut.SPECP_LE_SYS_1,#Labcut.SPECP_LE_SYS_1
#Labcut.SPECP_LE_SYS_10,#Labcut.SPECP_LE_SYS_10
#Labcut.SPECP_LE_SYS_11,#Labcut.SPECP_LE_SYS_11
#Labcut.SPECP_LE_SYS_12,#Labcut.SPECP_LE_SYS_12
#Labcut.SPECP_LE_SYS_13,#Labcut.SPECP_LE_SYS_13
#Labcut.SPECP_LE_SYS_14,#Labcut.SPECP_LE_SYS_14
#Labcut.SPECP_LE_SYS_15,#Labcut.SPECP_LE_SYS_15
#Labcut.SPECP_LE_SYS_16,#Labcut.SPECP_LE_SYS_16
#Labcut.SPECP_LE_SYS_17,#Labcut.SPECP_LE_SYS_17
#Labcut.SPECP_LE_SYS_18,#Labcut.SPECP_LE_SYS_18
#Labcut.SPECP_LE_SYS_19,#Labcut.SPECP_LE_SYS_19
#Labcut.SPECP_LE_SYS_2,#Labcut.SPECP_LE_SYS_2
#Labcut.SPECP_LE_SYS_20,#Labcut.SPECP_LE_SYS_20
#Labcut.SPECP_LE_SYS_21,#Labcut.SPECP_LE_SYS_21
#Labcut.SPECP_LE_SYS_3,#Labcut.SPECP_LE_SYS_3
#Labcut.SPECP_LE_SYS_4,#Labcut.SPECP_LE_SYS_4
#Labcut.SPECP_LE_SYS_5,#Labcut.SPECP_LE_SYS_5
#Labcut.SPECP_LE_SYS_6,#Labcut.SPECP_LE_SYS_6
#Labcut.SPECP_LE_SYS_7,#Labcut.SPECP_LE_SYS_7
#Labcut.SPECP_LE_SYS_8,#Labcut.SPECP_LE_SYS_8
#Labcut.SPECP_LE_SYS_9,#Labcut.SPECP_LE_SYS_9
#Labcut.SPECP_MI_SYS_1,#Labcut.SPECP_MI_SYS_1
#Labcut.SPECP_MI_SYS_10,#Labcut.SPECP_MI_SYS_10
#Labcut.SPECP_MI_SYS_11,#Labcut.SPECP_MI_SYS_11
#Labcut.SPECP_MI_SYS_12,#Labcut.SPECP_MI_SYS_12
#Labcut.SPECP_MI_SYS_13,#Labcut.SPECP_MI_SYS_13
#Labcut.SPECP_MI_SYS_14,#Labcut.SPECP_MI_SYS_14
#Labcut.SPECP_MI_SYS_15,#Labcut.SPECP_MI_SYS_15
#Labcut.SPECP_MI_SYS_16,#Labcut.SPECP_MI_SYS_16
#Labcut.SPECP_MI_SYS_17,#Labcut.SPECP_MI_SYS_17
#Labcut.SPECP_MI_SYS_18,#Labcut.SPECP_MI_SYS_18
#Labcut.SPECP_MI_SYS_19,#Labcut.SPECP_MI_SYS_19
#Labcut.SPECP_MI_SYS_2,#Labcut.SPECP_MI_SYS_2
#Labcut.SPECP_MI_SYS_20,#Labcut.SPECP_MI_SYS_20
#Labcut.SPECP_MI_SYS_21,#Labcut.SPECP_MI_SYS_21
#Labcut.SPECP_MI_SYS_3,#Labcut.SPECP_MI_SYS_3
#Labcut.SPECP_MI_SYS_4,#Labcut.SPECP_MI_SYS_4
#Labcut.SPECP_MI_SYS_5,#Labcut.SPECP_MI_SYS_5
#Labcut.SPECP_MI_SYS_6,#Labcut.SPECP_MI_SYS_6
#Labcut.SPECP_MI_SYS_7,#Labcut.SPECP_MI_SYS_7
#Labcut.SPECP_MI_SYS_8,#Labcut.SPECP_MI_SYS_8
#Labcut.SPECP_MI_SYS_9,#Labcut.SPECP_MI_SYS_9
#Labcut.SPECP_RI_SYS_1,#Labcut.SPECP_RI_SYS_1
#Labcut.SPECP_RI_SYS_10,#Labcut.SPECP_RI_SYS_10
#Labcut.SPECP_RI_SYS_11,#Labcut.SPECP_RI_SYS_11
#Labcut.SPECP_RI_SYS_12,#Labcut.SPECP_RI_SYS_12
#Labcut.SPECP_RI_SYS_13,#Labcut.SPECP_RI_SYS_13
#Labcut.SPECP_RI_SYS_14,#Labcut.SPECP_RI_SYS_14
#Labcut.SPECP_RI_SYS_15,#Labcut.SPECP_RI_SYS_15
#Labcut.SPECP_RI_SYS_16,#Labcut.SPECP_RI_SYS_16
#Labcut.SPECP_RI_SYS_17,#Labcut.SPECP_RI_SYS_17
#Labcut.SPECP_RI_SYS_18,#Labcut.SPECP_RI_SYS_18
#Labcut.SPECP_RI_SYS_19,#Labcut.SPECP_RI_SYS_19
#Labcut.SPECP_RI_SYS_2,#Labcut.SPECP_RI_SYS_2
#Labcut.SPECP_RI_SYS_20,#Labcut.SPECP_RI_SYS_20
#Labcut.SPECP_RI_SYS_21,#Labcut.SPECP_RI_SYS_21
#Labcut.SPECP_RI_SYS_3,#Labcut.SPECP_RI_SYS_3
#Labcut.SPECP_RI_SYS_4,#Labcut.SPECP_RI_SYS_4
#Labcut.SPECP_RI_SYS_5,#Labcut.SPECP_RI_SYS_5
#Labcut.SPECP_RI_SYS_6,#Labcut.SPECP_RI_SYS_6
#Labcut.SPECP_RI_SYS_7,#Labcut.SPECP_RI_SYS_7
#Labcut.SPECP_RI_SYS_8,#Labcut.SPECP_RI_SYS_8
#Labcut.SPECP_RI_SYS_9,#Labcut.SPECP_RI_SYS_9
#Labcut.SPRAYING_BOTTOM,#Labcut.SPRAYING_BOTTOM
#Labcut.SPRAYING_TOP,#Labcut.SPRAYING_TOP
#Labcut.STEAM_MASS_PREHEAT,#Labcut.STEAM_MASS_PREHEAT
#Labcut.SYS_LAB_COUNTER,#Labcut.SYS_LAB_COUNTER
#Labcut.SYS_LAB_LENGTH_GROSS,#Labcut.SYS_LAB_LENGTH_GROSS
#Labcut.SYS_LAB_NUMBER,#Labcut.SYS_LAB_NUMBER
#Labcut.SYS_LAB_ORDERNO,#Labcut.SYS_LAB_ORDERNO
#Labcut.SYS_LAB_THICKNESS_GROSS,#Labcut.SYS_LAB_THICKNESS_GROSS
#Labcut.SYS_LAB_WIDTH_GROSS,#Labcut.SYS_LAB_WIDTH_GROSS
#Labcut.SYS_RB_HE_MAIN_TEMP_CH_1,#Labcut.SYS_RB_HE_MAIN_TEMP_CH_1
#Labcut.SYS_RB_HE_MAIN_TEMP_CH_2,#Labcut.SYS_RB_HE_MAIN_TEMP_CH_2
#Labcut.SYS_RB_HE_MAIN_TEMP_CH_3,#Labcut.SYS_RB_HE_MAIN_TEMP_CH_3
#Labcut.SYS_RB_HE_MAIN_TEMP_CH_4,#Labcut.SYS_RB_HE_MAIN_TEMP_CH_4
#Labcut.SYS_RB_HE_MAIN_TEMP_CH_5,#Labcut.SYS_RB_HE_MAIN_TEMP_CH_5
#Labcut.SYS_RB_HE_PRIM_TEMP_INLET,#Labcut.SYS_RB_HE_PRIM_TEMP_INLET
#Labcut.SYS_RB_HE_PRIM_TEMP_OUTLET,#Labcut.SYS_RB_HE_PRIM_TEMP_OUTLET
#Labcut.SYS_RB_MOIST_FORMING_LINE,#Labcut.SYS_RB_MOIST_FORMING_LINE
#Labcut.SYS_RB_PRESS_FACTOR,#Labcut.SYS_RB_PRESS_FACTOR
#Labcut.SYS_RB_PRESS_SPEED_ACT,#Labcut.SYS_RB_PRESS_SPEED_ACT
#Labcut.SYS_RB_THICKNESS_AVG_ALL,#Labcut.SYS_RB_THICKNESS_AVG_ALL
#Labcut.SYS_RB_THICKNESS_TRACK_1,#Labcut.SYS_RB_THICKNESS_TRACK_1
#Labcut.SYS_RB_THICKNESS_TRACK_2,#Labcut.SYS_RB_THICKNESS_TRACK_2
#Labcut.SYS_RB_THICKNESS_TRACK_3,#Labcut.SYS_RB_THICKNESS_TRACK_3
#Labcut.SYS_RB_THICKNESS_TRACK_4,#Labcut.SYS_RB_THICKNESS_TRACK_4
#Labcut.SYS_RB_THICKNESS_TRACK_5,#Labcut.SYS_RB_THICKNESS_TRACK_5
#Labcut.SYS_RB_THICKNESS_TRACK_6,#Labcut.SYS_RB_THICKNESS_TRACK_6
#Labcut.SYS_RB_THICKNESS_TRACK_7,#Labcut.SYS_RB_THICKNESS_TRACK_7
#Labcut.UREA,#Labcut.UREA
#Labcut.WEIGHT_TOTAL_ACT,#Labcut.WEIGHT_TOTAL_ACT
<FQTTS_CUSTOMERMATERIALCODE>,customerMaterialCode
<FQTTS_CUSTOMERMATERIALDESCR>,customerMaterialDescr
<FQTTS_IGNOREIMPORTS>,ignoreImports
<FQTTS_OPERGLUEPUMP>,operGluePump
<FQTTS_PRINTORDERNUMBER>,printOrderNumber
AL00/SKU - decor group bottom,vkstockProxy.decorGroupBottom
AL00/SKU - decor group top,vkstockProxy.decorGroupTop
AL00/SKU - decor type bottom,vkstockProxy.decorTypeBottom
AL00/SKU - decor type top,vkstockProxy.decorTypeTop
AL00/SKU - locking code,vkstockProxy.lockingCode
AL00/SKU - packing instruction,vkstockProxy.packagingInstruction
AL00/SKU - packing rule customer code,vkstockProxy.packingruleCustomerCode
AL00/SKU - parts per unit,vkstockProxy.partsPerUnit
AL00/SKU - product group,vkstockProxy.productGroupNo
AL00/SKU - version,vkstockProxy.version
AL00/SKU -article unsanded,vkstockProxy.articleNoUnPolished
Absorption 24h 01,abs24h01
Absorption 24h 02,abs24h02
Absorption 24h 03,abs24h03
Absorption 24h 04,abs24h04
Absorption 24h 05,abs24h05
Absorption 24h 06,abs24h06
Absorption 24h 07,abs24h07
Absorption 24h 08,abs24h08
Absorption 24h 09,abs24h09
Absorption 24h 10,abs24h10
Addition,operAddition
Addition - type,operAdditionType
Area weight D 01  (kg/m2),labDistributionWeight01
Area weight D 02  (kg/m2),labDistributionWeight02
Area weight D 03  (kg/m2),labDistributionWeight03
Area weight D 04  (kg/m2),labDistributionWeight04
Area weight D 05  (kg/m2),labDistributionWeight05
Area weight D 06  (kg/m2),labDistributionWeight06
Area weight D 07  (kg/m2),labDistributionWeight07
Area weight D 08  (kg/m2),labDistributionWeight08
Area weight D 09  (kg/m2),labDistributionWeight09
Area weight D 10  (kg/m2),labDistributionWeight10
Area weight D 11  (kg/m2),labDistributionWeight11
Area weight D 12  (kg/m2),labDistributionWeight12
Area weight D 13  (kg/m2),labDistributionWeight13
Area weight D 14  (kg/m2),labDistributionWeight14
Area weight D 15  (kg/m2),labDistributionWeight15
Area weight D 16  (kg/m2),labDistributionWeight16
Area weight D 17  (kg/m2),labDistributionWeight17
Area weight D 18  (kg/m2),labDistributionWeight18
Area weight D 19  (kg/m2),labDistributionWeight19
Area weight D 20  (kg/m2),labDistributionWeight20
Area weight D 21  (kg/m2),labDistributionWeight21
Area weight D 22  (kg/m2),labDistributionWeight22
Area weight D 23  (kg/m2),labDistributionWeight23
Area weight D 24  (kg/m2),labDistributionWeight24
Area weight D 25  (kg/m2),labDistributionWeight25
Area weight D 26  (kg/m2),labDistributionWeight26
Area weight D 27 (kg/m2),labDistributionWeight27
Area weight D 28 (kg/m2),labDistributionWeight28
Area weight D 29 (kg/m2),labDistributionWeight29
Area weight D 30 (kg/m2),labDistributionWeight30
BTM Bending/M.O.R Major 01 [N/mm²],btmBending01
BTM Bending/M.O.R Major 02 [N/mm²],btmBending02
BTM Bending/M.O.R Major 03 [N/mm²],btmBending03
BTM Bending/M.O.R Major 04 [N/mm²],btmBending04
BTM Bending/M.O.R Major 05 [N/mm²],btmBending05
BTM Bending/M.O.R Major 06 [N/mm²],btmBending06
BTM Bending/M.O.R Major 07 [N/mm²],btmBending07
BTM Bending/M.O.R Major 08 [N/mm²],btmBending08
BTM Bending/M.O.R Major 09 [N/mm²],btmBending09
BTM Bending/M.O.R Major 10 [N/mm²],btmBending10
BTM Bending/M.O.R Minor 01 [N/mm²],btmBendingB01
BTM Bending/M.O.R Minor 02 [N/mm²],btmBendingB02
BTM Bending/M.O.R Minor 03 [N/mm²],btmBendingB03
BTM Bending/M.O.R Minor 04 [N/mm²],btmBendingB04
BTM Bending/M.O.R Minor 05 [N/mm²],btmBendingB05
BTM Bending/M.O.R Minor 06 [N/mm²],btmBendingB06
BTM Bending/M.O.R Minor 07 [N/mm²],btmBendingB07
BTM Bending/M.O.R Minor 08 [N/mm²],btmBendingB08
BTM Bending/M.O.R Minor 09 [N/mm²],btmBendingB09
BTM Bending/M.O.R Minor 10 [N/mm²],btmBendingB10
BTM Emodule/M.O.E Major 01 [N/mm²],btmEmodule01
BTM Emodule/M.O.E Major 02 [N/mm²],btmEmodule02
BTM Emodule/M.O.E Major 03 [N/mm²],btmEmodule03
BTM Emodule/M.O.E Major 04 [N/mm²],btmEmodule04
BTM Emodule/M.O.E Major 05 [N/mm²],btmEmodule05
BTM Emodule/M.O.E Major 06 [N/mm²],btmEmodule06
BTM Emodule/M.O.E Major 07 [N/mm²],btmEmodule07
BTM Emodule/M.O.E Major 08 [N/mm²],btmEmodule08
BTM Emodule/M.O.E Major 09 [N/mm²],btmEmodule09
BTM Emodule/M.O.E Major 10 [N/mm²],btmEmodule10
BTM Emodule/M.O.E Minor 01 [N/mm²],btmEmoduleB01
BTM Emodule/M.O.E Minor 02 [N/mm²],btmEmoduleB02
BTM Emodule/M.O.E Minor 03 [N/mm²],btmEmoduleB03
BTM Emodule/M.O.E Minor 04 [N/mm²],btmEmoduleB04
BTM Emodule/M.O.E Minor 05 [N/mm²],btmEmoduleB05
BTM Emodule/M.O.E Minor 06 [N/mm²],btmEmoduleB06
BTM Emodule/M.O.E Minor 07 [N/mm²],btmEmoduleB07
BTM Emodule/M.O.E Minor 08 [N/mm²],btmEmoduleB08
BTM Emodule/M.O.E Minor 09 [N/mm²],btmEmoduleB09
BTM Emodule/M.O.E Minor 10 [N/mm²],btmEmoduleB10
Bisulfit,operBisulfite
Bisulfit  (%),operBisulfiteAmount
Blow - emulsion concentration (%) Wax %,operEmulsionConcentration
Blow - pigment (%),operBlowPigment
Blow - pigment type,operBlowPigmentType
Blow - urea type,operUreaType
Boiler pressure,boilerPressure
Boiler time,boilerTime
Boiltest  01 IB tensile (N/mm2),labBoil01
Boiltest  02 IB tensile (N/mm2),labBoil02
Boiltest  03 IB tensile (N/mm2),labBoil03
Boiltest  04 IB tensile (N/mm2),labBoil04
Boiltest  05 IB tensile (N/mm2),labBoil05
Boiltest  06 IB tensile (N/mm2),labBoil06
Boiltest  07 IB tensile (N/mm2),labBoil07
Boiltest  08 IB tensile (N/mm2),labBoil08
Boiltest  09 IB tensile (N/mm2),labBoil09
Boiltest  10 IB tensile (N/mm2),labBoil10
Bundle Wedge,bundlewedge
Customer name,baseCustomerName
Density D 01 (kg/m3),labDistributionDensity01
Density D 02 (kg/m3),labDistributionDensity02
Density D 03 (kg/m3),labDistributionDensity03
Density D 04 (kg/m3),labDistributionDensity04
Density D 05 (kg/m3),labDistributionDensity05
Density D 06 (kg/m3),labDistributionDensity06
Density D 07 (kg/m3),labDistributionDensity07
Density D 08 (kg/m3),labDistributionDensity08
Density D 09 (kg/m3),labDistributionDensity09
Density D 10 (kg/m3),labDistributionDensity10
Density D 11 (kg/m3),labDistributionDensity11
Density D 12 (kg/m3),labDistributionDensity12
Density D 13 (kg/m3),labDistributionDensity13
Density D 14 (kg/m3),labDistributionDensity14
Density D 15 (kg/m3),labDistributionDensity15
Density D 16 (kg/m3),labDistributionDensity16
Density D 17 (kg/m3),labDistributionDensity17
Density D 18 (kg/m3),labDistributionDensity18
Density D 19 (kg/m3),labDistributionDensity19
Density D 20 (kg/m3),labDistributionDensity20
Density D 21(kg/m3),labDistributionDensity21
Density D 22(kg/m3),labDistributionDensity22
Density D 23(kg/m3),labDistributionDensity23
Density D 24(kg/m3),labDistributionDensity24
Density D 25(kg/m3),labDistributionDensity25
Density D 26(kg/m3),labDistributionDensity26
Density D 27 (kg/m3),labDistributionDensity27
Density D 28 (kg/m3),labDistributionDensity28
Density D 29 (kg/m3),labDistributionDensity29
Density D 30 (kg/m3),labDistributionDensity30
Density IB 01 (kg/m3),labDensity1
Density IB 02 (kg/m3),labDensity2
Density IB 03 (kg/m3),labDensity3
Density IB 04 (kg/m3),labDensity4
Density IB 05 (kg/m3),labDensity5
Density IB 06 (kg/m3),labDensity6
Density IB 07 (kg/m3),labDensity7
Density IB 08 (kg/m3),labDensity8
Density IB 09 (kg/m3),labDensity9
DensityI B 10 (kg/m3),labDensity10
FL density (kg/m³),densityFL
Fibrestemp,operFibresTemp
Fieber view 2000er - line,fiberviewLine2000
Formator,formattor
Gelling time mB,resinMbGelTime
Gelling time mB Batch tank,resinMbGelTank
Gellingtime BL,resinBlGelTime
Glue Batch Blow,rawboardmdf_operGlue1PNR
Glue Batch Mech.,rawboardmdf_operGlue2PNR
Glue age BL (days),resinBlAge
Glue injectors pressure,glueInjectorsPressure
Glue pH discharge,operGluePhDischarge
Glue pH discharge temperature,operGluePhDischargeTemp
Glue tank,operGlueTank
HCHO-Laser DDS [ppm],hchoLaserDDS
HCHO-Laser TSR [ppm],hchoLaserTSR
Hardener 2 Typ,operHardener2type
Hardener 2%,operHardener2Percent
IB 01  (N/mm2),labTensile1
IB 02  (N/mm2),labTensile2
IB 03  (N/mm2),labTensile3
IB 04  (N/mm2),labTensile4
IB 05 (N/mm2),labTensile5
IB 06  (N/mm2),labTensile6
IB 07  (N/mm2),labTensile7
IB 08  (N/mm2),labTensile8
IB 09  (N/mm2),labTensile9
IB 10  (N/mm2),labTensile10
LZ  01 Bending B  (N/mm2),labBendingB01
LZ  02 Bending B  (N/mm2),labBendingB02
LZ  03 Bending B  (N/mm2),labBendingB03
LZ  04 Bending B  (N/mm2),labBendingB04
LZ  05 Bending B  (N/mm2),labBendingB05
LZ  06 Bending B  (N/mm2),labBendingB06
LZ  07 Bending B  (N/mm2),labBendingB07
LZ  08 Bending B  (N/mm2),labBendingB08
LZ  09 Bending B  (N/mm2),labBendingB09
LZ  10 Bending B  (N/mm2),labBendingB10
LZ  AVG Bending B  (N/mm2),labBendingBAvg
LZ  DEV  Bending B  (N/mm2),labBendingBDeviation
LZ  Max Bending B  (N/mm2),labBendingBMax
LZ  Min Bending B  (N/mm2),labBendingBMin
LZ E  09 (N/mm2),labBEModul09
LZ E 01  (N/mm2),labBEModul01
LZ E 02  (N/mm2),labBEModul02
LZ E 03  (N/mm2),labBEModul03
LZ E 04  (N/mm2),labBEModul04
LZ E 05  (N/mm2),labBEModul05
LZ E 06  (N/mm2),labBEModul06
LZ E 07  (N/mm2),labBEModul07
LZ E 08  (N/mm2),labBEModul08
LZ E 10  (N/mm2),labBEModul10
LZ E AVG   (N/mm2) Bending B E-Modul,labBEModulAvg
LZ E DEV    (N/mm2) Bending B E-Modul,labBEModulDeviation
LZ E Max  (N/mm2) Bending B E-Modul,labBEModulMax
LZ E Min   (N/mm2) Bending B E-Modul,labBEModulMin
LZ E VAR  (N/mm2) Bending B E-Modul,labBEModulVar
LZ VAR Bending B  (N/mm2),labBendingBVar
Length [mm],length
M&C – Laser,mcLaser
M.O.E.   08  (N/mm2),labEModul08
M.O.E.   09  (N/mm2),labEModul09
M.O.E.  01  (N/mm2),labEModul01
M.O.E.  02  (N/mm2),labEModul02
M.O.E.  03  (N/mm2),labEModul03
M.O.E.  04  (N/mm2),labEModul04
M.O.E.  05  (N/mm2),labEModul05
M.O.E.  06  (N/mm2),labEModul06
M.O.E.  07  (N/mm2),labEModul07
M.O.E.  10  (N/mm2),labEModul10
M.O.R.   10 (N/mm2),labBending10
M.O.R.  -01 (N/mm2),labBending1
M.O.R.  -02 (N/mm2),labBending2
M.O.R.  -03 (N/mm2),labBending3
M.O.R.  -04 (N/mm2),labBending4
M.O.R.  -05 (N/mm2),labBending5
M.O.R.  -06 (N/mm2),labBending6
M.O.R.  -07 (N/mm2),labBending7
M.O.R.  -08 (N/mm2),labBending8
M.O.R.  -09 (N/mm2),labBending9
MEC glue supplier,operGlue2Supplier
MEC glue type,operGlue2Type
MV board,mvBoard
Mech - glue dosage (%),operGlue2
Mech - hardener (%),operMechHardener
Mech - hardener concentration (%),operMechHardenerConcentration
Mech - hardener type,operMechHardenerType
Min. Density (kg/m³),minDensity
Moisture  01  [%]  Grecon,labHumidity1
Moisture  02  [%]  Grecon,labHumidity2
Moisture  03  [%]  Grecon,labHumidity3
Moisture  04  [%]  Grecon,labHumidity4
Moisture  05 [%]  Grecon,labHumidity5
Moisture  06  [%]  Grecon,labHumidity6
Moisture  07  [%]  Grecon,labHumidity7
Moisture  08  [%]  Grecon,labHumidity8
Moisture  09  [%]  Grecon,labHumidity9
Moisture  10  [%]  Grecon,labHumidity10
Moistzre Microwave,operMoistureMicrowave
Molar ratio BL,resinBlMol
Molar ratio mB,resinMbMol
Name of tester,tester
Offset Speed intermediate band,operOffsetTempBand
Offset formband,operOffsetFormBand
Oper dynasteamoffset,operDynasteamOffset
Oper dynasteamoffset print,operDynasteamOffsetPrint
Operjetting bottom,operJettingBottom
Operjetting top,operJettingTop
Operstream bottom  (g/m²),operSteamBottom
PH Value BL,resinBlPh
PH value mB,resinMbPh
PMDI Type,operPMDIType
PMDI supplier,operPMDISupplier
PTM Density 01 (kg/m3),tsrDensity01
PTM Density 02 (kg/m3),tsrDensity02
PTM Density 03 (kg/m3),tsrDensity03
PTM Density 04 (kg/m3),tsrDensity04
PTM Density 05 (kg/m3),tsrDensity05
PTM Density 06 (kg/m3),tsrDensity06
PTM Density 07 (kg/m3),tsrDensity07
PTM Density 08 (kg/m3),tsrDensity08
PTM Density 09 (kg/m3),tsrDensity09
PTM Density 10 (kg/m3),tsrDensity10
PTM IB 01 (N/mm2),tsrTensile01
PTM IB 02 (N/mm2),tsrTensile02
PTM IB 03 (N/mm2),tsrTensile03
PTM IB 04 (N/mm2),tsrTensile04
PTM IB 05 (N/mm2),tsrTensile05
PTM IB 06 (N/mm2),tsrTensile06
PTM IB 07 (N/mm2),tsrTensile07
PTM IB 08 (N/mm2),tsrTensile08
PTM IB 09 (N/mm2),tsrTensile09
PTM IB 10 (N/mm2),tsrTensile10
PTM Lateral tension 01,tsrLateralTension01
PTM Lateral tension 02,tsrLateralTension02
PTM Lateral tension 03,tsrLateralTension03
PTM Lateral tension 04,tsrLateralTension04
PTM Lateral tension 05,tsrLateralTension05
PTM Lateral tension 06,tsrLateralTension06
PTM Lateral tension 07,tsrLateralTension07
PTM Lateral tension 08,tsrLateralTension08
PTM Lateral tension 09,tsrLateralTension09
PTM Lateral tension 10,tsrLateralTension10
PTM Moisture 01 (%),tsrMoisture01
PTM Moisture 02 (%),tsrMoisture02
PTM Moisture 03 (%),tsrMoisture03
PTM Moisture 04 (%),tsrMoisture04
PTM Moisture 05 (%),tsrMoisture05
PTM Moisture 06 (%),tsrMoisture06
PTM Moisture 07 (%),tsrMoisture07
PTM Moisture 08 (%),tsrMoisture08
PTM Moisture 09 (%),tsrMoisture09
PTM Moisture 10 (%),tsrMoisture10
PTM Moisture Temp 01 (°C),tsrMoistureTemp01
PTM Moisture Temp 02 (°C),tsrMoistureTemp02
PTM Moisture Temp 03 (°C),tsrMoistureTemp03
PTM Moisture Temp 04 (°C),tsrMoistureTemp04
PTM Moisture Temp 05 (°C),tsrMoistureTemp05
PTM Moisture Temp 06 (°C),tsrMoistureTemp06
PTM Moisture Temp 07 (°C),tsrMoistureTemp07
PTM Moisture Temp 08 (°C),tsrMoistureTemp08
PTM Moisture Temp 09 (°C),tsrMoistureTemp09
PTM Moisture Temp 10 (°C),tsrMoistureTemp10
PTM Thickness 01 (mm),tsrThickness01
PTM Thickness 02 (mm),tsrThickness02
PTM Thickness 03 (mm),tsrThickness03
PTM Thickness 04 (mm),tsrThickness04
PTM Thickness 05 (mm),tsrThickness05
PTM Thickness 06 (mm),tsrThickness06
PTM Thickness 07 (mm),tsrThickness07
PTM Thickness 08 (mm),tsrThickness08
PTM Thickness 09 (mm),tsrThickness09
PTM Thickness 10 (mm),tsrThickness10
Post test,postTest
Prod. Date (Leimzert.) MB,resinMbProductionDate
Prod. Date (glue concert) BL,resinBlProductionDate
Proportion of waste wood (%),operPartOldWood
Quality area,qualityBusinessArea
Quantity TKF R1,amountTkfRef1
R1,refiner1
R2,refiner2
REF Tanin supplier,operTaninSupplier
REF Tanin type,operTaninType
RPM-1 (R/Min),operRefRpmScrew
RPM-2  (U/Min),operRefRpmScrew2
Recipe,recipe
Rotation speed Refiner 1 (DZ AS R1),rotationSpeedRef1
Rotation speed Refiner 2 (DZ AS R2),rotationSpeedRef2
SS 01 (N/mm2) Surface Bond,labSurfaceSoundness1
SS 02 (N/mm2) Surface Bond,labSurfaceSoundness2
SS 03 (N/mm2) Surface Bond,labSurfaceSoundness3
SS 04 (N/mm2) Surface Bond,labSurfaceSoundness4
SS 05 (N/mm2) Surface Bond,labSurfaceSoundness5
SS 06 (N/mm2) Surface Bond,labSurfaceSoundness6
SS 07 (N/mm2) Surface Bond,labSurfaceSoundness7
SS 08 (N/mm2) Surface Bond,labSurfaceSoundness8
SS 09 (N/mm2) Surface Bond,labSurfaceSoundness9
SS 10 (N/mm2) Surface Bond,labSurfaceSoundness10
Screw Withdraw edge 1,labScrewWithdrawEdge1
Screw Withdraw edge 10,labScrewWithdrawEdge10
Screw Withdraw edge 2,labScrewWithdrawEdge2
Screw Withdraw edge 3,labScrewWithdrawEdge3
Screw Withdraw edge 4,labScrewWithdrawEdge4
Screw Withdraw edge 5,labScrewWithdrawEdge5
Screw Withdraw edge 6,labScrewWithdrawEdge6
Screw Withdraw edge 7,labScrewWithdrawEdge7
Screw Withdraw edge 8,labScrewWithdrawEdge8
Screw Withdraw edge 9,labScrewWithdrawEdge9
Screw Withdraw face 1,labScrewWithdrawFace1
Screw Withdraw face 10,labScrewWithdrawFace10
Screw Withdraw face 2,labScrewWithdrawFace2
Screw Withdraw face 3,labScrewWithdrawFace3
Screw Withdraw face 4,labScrewWithdrawFace4
Screw Withdraw face 5,labScrewWithdrawFace5
Screw Withdraw face 6,labScrewWithdrawFace6
Screw Withdraw face 7,labScrewWithdrawFace7
Screw Withdraw face 8,labScrewWithdrawFace8
Screw Withdraw face 9,labScrewWithdrawFace9
Shift duration,shiftDuration
Solid age mB (Days),resinMbAge
Solid resin BL (%),resinBl
Solid resin mB (%),resinMb
Squareness,squareness
Steam top (g / m²),operSteamTop
Surface absorption down 01 [mm],surfAbsorbFaceDown1
Surface absorption down 02 [mm],surfAbsorbFaceDown2
Surface absorption down 03 [mm],surfAbsorbFaceDown3
Surface absorption down 04 [mm],surfAbsorbFaceDown4
Surface absorption down 05 [mm],surfAbsorbFaceDown5
Surface absorption down 06 [mm],surfAbsorbFaceDown6
Surface absorption down 07 [mm],surfAbsorbFaceDown7
Surface absorption down 08 [mm],surfAbsorbFaceDown8
Surface absorption down 09 [mm],surfAbsorbFaceDown9
Surface absorption down 10 [mm],surfAbsorbFaceDown10
Surface absorption up 01 [mm],surfAbsorbFaceUp1
Surface absorption up 02 [mm],surfAbsorbFaceUp2
Surface absorption up 03 [mm],surfAbsorbFaceUp3
Surface absorption up 04 [mm],surfAbsorbFaceUp4
Surface absorption up 05 [mm],surfAbsorbFaceUp5
Surface absorption up 06 [mm],surfAbsorbFaceUp6
Surface absorption up 07 [mm],surfAbsorbFaceUp7
Surface absorption up 08 [mm],surfAbsorbFaceUp8
Surface absorption up 09 [mm],surfAbsorbFaceUp9
Surface absorption up 10 [mm],surfAbsorbFaceUp10
Sw-24h 01 (%),labSwelling1
Sw-24h 02 (%),labSwelling2
Sw-24h 03 (%),labSwelling3
Sw-24h 04 (%),labSwelling4
Sw-24h 05 (%),labSwelling5
Sw-24h 06 (%),labSwelling6
Sw-24h 07 (%),labSwelling7
Sw-24h 08 (%),labSwelling8
Sw-24h 09 (%),labSwelling9
Sw-24h 10 (%),labSwelling10
Sw-2h  01 (%),labSwelling2h01
Sw-2h  02 (%),labSwelling2h02
Sw-2h  03 (%),labSwelling2h03
Sw-2h  04 (%),labSwelling2h04
Sw-2h  05 (%),labSwelling2h05
Sw-2h  06 (%),labSwelling2h06
Sw-2h  07(%),labSwelling2h07
Sw-2h  08 (%),labSwelling2h08
Sw-2h  09 (%),labSwelling2h09
Sw-2h  10 (%),labSwelling2h10
Thickness 1 closed [mm],thicknessClosed1
Thickness 2 closed [mm],thicknessClosed2
Thickness 3 closed [mm],thicknessClosed3
Thickness 4 closed [mm],thicknessClosed4
Thickness D 01 (mm),labDistributionThickness01
Thickness D 02 (mm),labDistributionThickness02
Thickness D 03 (mm),labDistributionThickness03
Thickness D 04 (mm),labDistributionThickness04
Thickness D 05 (mm),labDistributionThickness05
Thickness D 06 (mm),labDistributionThickness06
Thickness D 07 (mm),labDistributionThickness07
Thickness D 08 (mm),labDistributionThickness08
Thickness D 09 (mm),labDistributionThickness09
Thickness D 10 (mm),labDistributionThickness10
Thickness D 11 (mm),labDistributionThickness11
Thickness D 12 (mm),labDistributionThickness12
Thickness D 13 (mm),labDistributionThickness13
Thickness D 14 (mm),labDistributionThickness14
Thickness D 15 (mm),labDistributionThickness15
Thickness D 16 (mm),labDistributionThickness16
Thickness D 17 (mm),labDistributionThickness17
Thickness D 18 (mm),labDistributionThickness18
Thickness D 19 (mm),labDistributionThickness19
Thickness D 20 (mm),labDistributionThickness20
Thickness D 21 (mm),labDistributionThickness21
Thickness D 22 (mm),labDistributionThickness22
Thickness D 23 (mm),labDistributionThickness23
Thickness D 24 (mm),labDistributionThickness24
Thickness D 25 (mm),labDistributionThickness25
Thickness D 26 (mm),labDistributionThickness26
Thickness D 27 (mm),labDistributionThickness27
Thickness D 28 (mm),labDistributionThickness28
Thickness D 29 (mm),labDistributionThickness29
Thickness D 30 (mm),labDistributionThickness30
Thickness IB  01 (mm),labThickness01
Thickness IB  02 (mm),labThickness02
Thickness IB  03 (mm),labThickness03
Thickness IB  04 (mm),labThickness04
Thickness IB  05 (mm),labThickness05
Thickness IB  06 (mm),labThickness06
Thickness IB  07 (mm),labThickness07
Thickness IB  08 (mm),labThickness08
Thickness IB  09 (mm),labThickness09
Thickness IB  10 (mm),labThickness10
UPU Factor,operUpuFactor
UPU factor mean,operUpuFactorAvg
Visko BL,resinBlVisko
Visko mB,resinMbVisko
Waterrating,waterRating
Wet forming line (%),streetMoisture
Width [mm],widthVal
ZZ Attributes hash,attributesHash
ZZ Hash changed ready for export,hashChangedReadyExport
ZZ was auto exported,wasAutoExported
gap-1 (mm),operRefPlatesGapSize
gap-2 (mm),operRefPlatesGapSize2
glue mech (%),operRefMechGlueConcentrat
version,version
